X,Y,Z,area,volume,atomic_block,cellId,baseCellId,velocity_x,velocity_y,velocity_z
1.38708,94.7504,8.82335,160.17,141.043,9.0,-53.0,7.0,0.000369706,-0.000187021,-1.86575e-06
3.03103,93.6746,8.80253,159.435,140.978,9.0,-53.0,7.0,0.000294848,-0.000233752,-3.94556e-06
