X,Y,Z,area,volume,atomic_block,cellId,baseCellId,velocity_x,velocity_y,velocity_z
0.199455,94.4509,8.73755,157.55,141.248,9.0,-5.0,10.0,0.000287948,-9.38946e-05,-6.26136e-06
1.40812,93.8969,8.65864,156.414,141.318,9.0,-5.0,10.0,0.000201688,-0.000115982,-2.40808e-05
2.20783,93.316,8.57071,155.59,141.309,9.0,-5.0,10.0,0.000123418,-0.000107101,-2.06505e-05
2.96823,92.7453,8.43311,155.007,141.412,9.0,-5.0,10.0,0.000182299,-0.000128947,-1.78895e-05
3.88376,92.0651,8.41654,152.419,141.393,9.0,-5.0,10.0,0.000166463,-0.000141903,-2.65127e-06
